{
    "Camera": {
        "0.aspect": 0.8500000238418579,
        "1.RotSp": 0.029999999329447746,
        "2.RotX Min,Max": [
            -42.5,
            30.700000762939453
        ]
    }
}
